{"cameraMode":{"drawMode":0,"name":"Shaded","section":"Shading Mode"},"sceneLighting":true,"audioPlay":false,"sceneViewState":{"m_AlwaysRefresh":false,"showFog":true,"showSkybox":true,"showFlares":true,"showImageEffects":true,"showParticleSystems":true,"showVisualEffectGraphs":true,"m_FxEnabled":true},"in2DMode":false,"pivot":{"x":-1.7761571407318116,"y":2.5088515281677248,"z":-0.04198741912841797},"rotation":{"x":-0.08092649281024933,"y":0.5570372343063355,"z":-0.05465668439865112,"w":-0.8247194886207581},"size":4.138355731964111,"orthographic":false}